Alexandre Bourget <alexandre.bourget@savoirfairelinux.com>
Allen Bierbaum <abierbaum@gmail.com>
Andrew Stone <andrew@clovar.com>
Andrew Taumoefolau <zenbot@gmail.com>
Anton Romanovich <anthony.romanovich@gmail.com>
Arkadiusz Dzięgiel <admin@glorpen.pl>
Asheesh Laroia <asheesh@openhatch.org>
Bradley Wright <brad@intranation.com>
Bryan Chow <bryan@fullfactor.com>
Cédric Reginster <cederigo@gmail.com>
David Guaraglia <david@guaraglia.com>
Eivind Uggedal <eivind@uggedal.com>
Erik Simmler <tgecho@gmail.com>
Fabio M. Costa <fabiomcosta@gmail.com>
Gozali Kumara <ghk@gozalikumara.com>
Ian Langworth <ian@langworth.com>
Jack Riches <jack.riches@g108669mac.thisisglobal.com>
Janne Vanhala <janne.vanhala@gmail.com>
Jimmy Yuen Ho Wong <wyuenho@gmail.com>
John Anderson <sontek@gmail.com>
John Paulett <john@paulett.org>
johnwlockwood <johnwlockwood@gmail.com>
Jon Morton <jonanin@gmail.com>
K0den <your_email@youremail.com>
Kai Groner <kai@gronr.com>
Krzysztof Tarnowski <krzysztof.tarnowski@ymail.com>
Lucas Hrabovsky <hrabovsky.lucas@gmail.com>
Mark Lee <webassets@lazymalevolence.com>
Martin Zimmermann <info@posativ.org>
Matt Haggard <haggardii@gmail.com>
Matt Hanger <matt@matthanger.net>
Mattias Wong <0x1998@gmail.com>
Maxim Bodyansky <bodyansky@gmail.com>
Michael Elsdörfer <michael@elsdoerfer.com>
Michael Mior <mike@joinbunch.com>
Michael Su <mdasu1@gmail.com>
Mike C. Fletcher <mcfletch@vrplumber.com>
Mike Hordecki <mhordecki@gmail.com>
Mikhail Korobov <kmike84@gmail.com>
myfreeweb <me@myfreeweb.ru>
Nathan Faubion <nathan@n-son.com>
Oleg Pudeyev <oleg@bsdpower.com>
Olivier Poitrey <rs@dailymotion.com>
Phil Freo <phil@philfreo.com>
Philip Schleihauf <uniphil@gmail.com>
Phil Wills <otherphil@gmail.com>
Randall Degges <rdegges@gmail.com>
Riccardo Forina <riccardo.forina@prodigysgroup.it>
Richard Brooksby <rptb1+github@pobox.com>
Roshambo <christian.rocha@gmail.com>
Ross McFarland <rmcfarland@saymedia.com>
Ryan Sullivan <ryan@ryansully.com>
Simon Pantzare <simon@pewpewlabs.com>
Srinivasan R <srinivasanr@gmail.com>
Takashi AOKI <federkasten@me.com>
Tomaž Muraus <kami@k5-storitve.net>
Ville Korhonen <ville@xd.fi>
Vincent Driessen <vincent@3rdcloud.com>
Vincent Rischmann <vincent@rischamnn.info>
Yaniv Aknin <yaniv@aknin.name>
Zak Johnson <zakj@nox.cx>
